/*
SQLyog Community v13.1.5  (64 bit)
MySQL - 8.0.18 : Database - pathfindingdatabase
*********************************************************************
*/

/*!40101 SET NAMES utf8 */;

/*!40101 SET SQL_MODE=''*/;

/*!40014 SET @OLD_UNIQUE_CHECKS=@@UNIQUE_CHECKS, UNIQUE_CHECKS=0 */;
/*!40014 SET @OLD_FOREIGN_KEY_CHECKS=@@FOREIGN_KEY_CHECKS, FOREIGN_KEY_CHECKS=0 */;
/*!40101 SET @OLD_SQL_MODE=@@SQL_MODE, SQL_MODE='NO_AUTO_VALUE_ON_ZERO' */;
/*!40111 SET @OLD_SQL_NOTES=@@SQL_NOTES, SQL_NOTES=0 */;
CREATE DATABASE /*!32312 IF NOT EXISTS*/`pathfindingdatabase` /*!40100 DEFAULT CHARACTER SET utf8 */ /*!80016 DEFAULT ENCRYPTION='N' */;

USE `pathfindingdatabase`;

/*Table structure for table `algorithmsrun` */

DROP TABLE IF EXISTS `algorithmsrun`;

CREATE TABLE `algorithmsrun` (
  `processID` int(20) NOT NULL,
  `mazeID` int(20) NOT NULL,
  `algorithmID` int(2) NOT NULL,
  `pathToEnd` varchar(3600) CHARACTER SET utf8 COLLATE utf8_general_ci NOT NULL,
  `timeTakenToRun` varchar(20) CHARACTER SET utf8 COLLATE utf8_general_ci NOT NULL,
  `numberOfSquaresTraversed` int(3) DEFAULT NULL,
  PRIMARY KEY (`processID`)
) ENGINE=InnoDB DEFAULT CHARSET=utf8;

/*Data for the table `algorithmsrun` */

insert  into `algorithmsrun`(`processID`,`mazeID`,`algorithmID`,`pathToEnd`,`timeTakenToRun`,`numberOfSquaresTraversed`) values 
(1,1,1,'1,53,54,63,64,74,84,85,86,76,66,57,58,59,68,78,88,89,98,99,100,110,120,119,129,139,140,150,149,148,147,146,136,126,116,117,127,137,138,128,118,108,107,97,96,106,105,115,125,135,145,144,134,133,143,142,132,122,123,124,114,113,103,104,95,2','8972',81),
(2,1,2,'1,53,54,63,64,74,84,85,86,76,66,57,58,59,68,78,88,89,98,99,100,110,120,119,129,139,140,150,149,148,147,146,136,126,116,117,127,137,138,128,118,108,107,97,96,106,105,115,125,135,145,144,134,133,143,142,132,122,123,124,114,113,103,104,95,2','1991',136),
(3,1,3,'1,53,54,63,64,74,84,85,86,76,66,57,58,59,68,78,88,89,98,99,100,110,120,119,129,139,140,150,149,148,147,146,136,126,116,117,127,137,138,128,118,108,107,97,96,106,105,115,125,135,145,144,134,133,143,142,132,122,123,124,114,113,103,104,95,2','2978',136),
(4,1,4,'1,53,54,63,64,74,84,85,86,76,66,57,58,59,68,78,88,89,98,99,100,110,120,119,129,139,140,150,149,148,147,146,136,126,116,117,127,137,138,128,118,108,107,97,96,106,105,115,125,135,145,144,134,133,143,142,132,122,123,124,114,113,103,104,95,2','1995',135),
(5,2,1,'1,18,26,34,35,36,37,38,39,31,23,15,16,9,10,17,25,24,32,33,2','0',21),
(6,2,2,'1,18,26,34,35,36,37,38,39,31,23,15,16,9,10,17,25,24,32,33,2','0',28),
(7,2,3,'1,18,26,34,35,36,37,38,39,31,23,15,16,9,10,17,25,24,32,33,2','998',28),
(8,2,4,'1,18,26,34,35,36,37,38,39,31,23,15,16,9,10,17,25,24,32,33,2','0',39);

/*Table structure for table `mazeinfo` */

DROP TABLE IF EXISTS `mazeinfo`;

CREATE TABLE `mazeinfo` (
  `mazeID` int(3) NOT NULL,
  `mazeName` varchar(20) CHARACTER SET utf8 COLLATE utf8_general_ci NOT NULL,
  `mazeWidth` int(2) NOT NULL,
  `mazeHeight` int(2) NOT NULL,
  `startSquareX` int(2) NOT NULL,
  `startSquareY` int(2) NOT NULL,
  `endSquareX` int(2) NOT NULL,
  `endSquareY` int(2) NOT NULL,
  `wallStatus` varchar(3721) NOT NULL
) ENGINE=InnoDB DEFAULT CHARSET=utf8;

/*Data for the table `mazeinfo` */

insert  into `mazeinfo`(`mazeID`,`mazeName`,`mazeWidth`,`mazeHeight`,`startSquareX`,`startSquareY`,`endSquareX`,`endSquareY`,`wallStatus`) values 
(1,'maze',10,15,1,7,5,10,'111111111111111111111101000000000001000001101011101110111011101101000101000100010001101110101111101110101100010101000101000101101110101010101011101100000100010101010101101111111110101010101100000000010001010001111111101111111010111100010001000001010101101011101011101010101101000101010101010001111110101010101011111100010101010101000001101110111010101110101100010000010100010101101011111110111011101101000000010001000001101111101110101111101101010001000100000101101010111011111011101100010001010001010001101111101010101010111101000001010101010101101011111010101010101101010001010100010001101010101010111111101101000100010000000001111111111111111111111'),
(2,'maze2',8,5,1,2,8,5,'1111111111111111110000010000000001111110101111101011010001010100010110101110101011101101010001010100011010101110101011110100000001010001101111111110111011000000000001000111111111111111111'),
(3,'small',2,2,1,1,2,2,'1111110101101011000111111'),
(4,'big',30,30,6,25,8,14,'1111111111111111111111111111111111111111111111111111111111111100000001010000000001000001000000000100000000000000000001000110111110101010111110101111101011111110111110111111111110101111000101010001010000010001000100010001000101000000010000010001101010101111101011111110101111101010111010111111101110111110110101000000010101000000010000010001010000000000010001000001011010111111101010101011111110111111101011111111101110111110101101000100010001000101000001010000000101000000010100010001010110111010101011111111101110101011111010101111101110111011101011010001010001000001000101000101000001010001000000010100000001101011111011101110101110111110111011101110101111111010111110110100000100010001000100010001000101000101010001000100010001011011111011101110111110101110111011101110101011101011101010111100000101000001010100010000000101000100010101000100010101000111111110101111101010101111111110101110101010101111101110111011000000010001000100010001000001000100010101010100010000010001101111111110101110111110101110111111111010101011101111111011110100000100010101000101010001000000000001010100010001000100011010111011111010111010101110111010111111101111101010101111101100000100010001000101010000010001010000010000010101010100000111111011101011101010101111111011101011101110101010101010111011000101000101000101000100010001000101000100010100010101000101101011101010111110111010101011111110111010111011111010111010110100000101000001000001010100010001000101010101000001000101011011111110111110101111101011101010111010101010101111111010111101000100010001010100000101000101010001000100010100000001000110111010111011101110111110101110101011111011111010111111111011010001010001000100010100010001010001000001000001000000010001101011101110101110111010111010101111111111101111101111101011110100010000010101000100000101010001000001000101000001000100011011101111101010101011111010101110101110101110101111101011101100010001000101010100000101010100010001000100010100000100010110101011101110101011111010111010111110111110111010111111111011010101000101010000010101000101000001010000010001000100000001111010101110101111101010111010111011101011101011111010101111110001000100010000010001000100010001000100010000010001010100011011101110101111101111111011111010101111111111111011101110101101000000010000010100000101000001010100000000000100010000010110111111111111101010111010101110111010101111111011101111111011010001000000000100010101010001010001010100010000000000010101101010111110111111111010101110101011101110101111111111101010110101000001010000010001010001010101000001010001000000010001011010111110111011101010101110101110111110101110101111101110101100000001000000010001000100010000000001010101010001010001010110111111111111111110111110111111111110101010101110101110101011010000000000000001000001010000010001010000010001010100010101111011111111111110111110101011101011101111111010101010111110110001000100000001000100000101000101000100000101010101010001011011101011111010111010111110111010101110111011101010101010101100010100010101000101010001000101000100010000000101000001000110101011101011111010111010111010111011101111111010111111111011010101010100000101000101010001000100010000010001000000010001111010101011111010111010101011111011101110101111111111101011110001000100010001000101010001000100010001010000000100010101011010111010111011111010101111111011101110111111101011101010101101000101000100010001000100000000010101010000010100000101010110101110111011101011111110111110111010101011101011111110101011010100010101000100000001000001010001000001000001000001010001101110111010101110111011101110111011111111111111101110101110110000000001000100000100000001000000000000000000000100000100011111111111111111111111111111111111111111111111111111111111111');

/*Table structure for table `typesofalgorithms` */

DROP TABLE IF EXISTS `typesofalgorithms`;

CREATE TABLE `typesofalgorithms` (
  `algorithmID` int(2) NOT NULL,
  `algorithmName` varchar(20) CHARACTER SET utf8 COLLATE utf8_general_ci NOT NULL,
  PRIMARY KEY (`algorithmID`)
) ENGINE=InnoDB DEFAULT CHARSET=utf8;

/*Data for the table `typesofalgorithms` */

insert  into `typesofalgorithms`(`algorithmID`,`algorithmName`) values 
(1,'AStarSearch'),
(2,'BreadthFirstSearch'),
(3,'DijkstrasAlgorithm'),
(4,'MyAlgorithm');

/*!40101 SET SQL_MODE=@OLD_SQL_MODE */;
/*!40014 SET FOREIGN_KEY_CHECKS=@OLD_FOREIGN_KEY_CHECKS */;
/*!40014 SET UNIQUE_CHECKS=@OLD_UNIQUE_CHECKS */;
/*!40111 SET SQL_NOTES=@OLD_SQL_NOTES */;
